Comunidad,Punto actual más cercano,ID radio actual,Distancia actual (km),Alternativas (dentro de +50%)
El Necio,"(27.29239, -112.91149)",BS2901,32.17 km,—
El Sauz,"(28.04136, -103.78378)",CO0072,61.44 km,—
El Girasol,"(28.04136, -103.78378)",CO0072,58.26 km,—
El Gigante (Ramiro Magallanes),"(28.04136, -103.78378)",CO0072,67.52 km,—
El Lobo (EfraÃ­n Magallanes),"(28.04136, -103.78378)",CO0072,70.87 km,—
MarÃ­a de JesÃºs,"(28.04136, -103.78378)",CO0072,43.18 km,—
El Pozo,"(27.02522, -103.36592)",CO0071,30.55 km,—
La Cauca,"(27.02522, -103.36592)",CO0071,46.32 km,—
El Rosario,"(28.04136, -103.78378)",CO0072,39.43 km,—
La Rosita,"(28.04136, -103.78378)",CO0072,36.09 km,—
San Bartolo,"(28.04136, -103.78378)",CO0072,43.03 km,—
ParaÃ­so del Rey,"(16.33000, -90.76019)",CP1992,30.80 km,—
San Antonio,"(31.22141, -107.60430)",CH1904,37.04 km,—
La Lagunita,"(26.04211, -106.50761)",CH3301,30.21 km,—
Palominas,"(26.04211, -106.50761)",CH3301,35.30 km,—
El Gigante,"(28.31294, -104.55203)",CH5585,37.58 km,—
Honorato de Abajo,"(28.04136, -103.78378)",CO0072,38.30 km,—
San Francisco,"(28.31294, -104.55203)",CH5585,32.84 km,—
San Miguel,"(28.31294, -104.55203)",CH5585,32.25 km,—
Santa Rita,"(28.31294, -104.55203)",CH5585,30.90 km,—
Victoria,"(28.31294, -104.55203)",CH5585,36.44 km,—
El Acebuche,"(28.04136, -103.78378)",CO0072,33.53 km,—
El Llano del Moro (Laguna del Moro),"(28.04136, -103.78378)",CO0072,33.10 km,—
La TÃ³rtola (El Criador),"(28.04136, -103.78378)",CO0072,53.24 km,—
El Astillero,"(28.31294, -104.55203)",CH5585,33.84 km,—
La Laguna SÃ¡nchez,"(28.04136, -103.78378)",CO0072,55.41 km,—
El GatuÃ±oso (Agua Prieta),"(28.04136, -103.78378)",CO0072,35.81 km,—
Las Pelonas,"(28.04136, -103.78378)",CO0072,50.19 km,—
El Palomino,"(28.31294, -104.55203)",CH5585,35.90 km,—
Entronque San Fernando,"(28.31294, -104.55203)",CH5585,38.52 km,—
Santa MÃ³nica de los Ãlamos,"(28.04136, -103.78378)",CO0072,32.51 km,—
San Eduardo,"(29.48417, -105.07422)",CH6596,31.99 km,—
El Descanso,"(26.42989, -107.26740)",CH0372,32.58 km,—
Guaynopa,"(29.68195, -108.27029)",CH6604,32.09 km,—
Mesas Coloradas,"(29.68195, -108.27029)",CH6604,30.99 km,—
Las Truchas Viejas,"(29.68195, -108.27029)",CH6604,33.53 km,—
BajÃ­o los Marranos,"(29.68195, -108.27029)",CH6604,33.23 km,—
El RincÃ³n,"(28.04136, -103.78378)",CO0072,63.06 km,—
Las Milpas,"(28.76949, -104.52450)",CH1359,36.64 km,—
RancherÃ­as,"(28.76949, -104.52450)",CH1359,31.03 km,—
Ãlamos de Galindo,"(28.76949, -104.52450)",CH1359,33.45 km,—
Sopichichi,"(27.39202, -108.42094)",CH1455,32.46 km,—
Situchi,"(27.39202, -108.42094)",CH1455,32.53 km,—
Aguaje Colorado,"(26.04211, -106.50761)",CH3301,38.24 km,—
Aguaje Colorado (Rancho de los Viga),"(26.04211, -106.50761)",CH3301,36.91 km,—
El Cotorro,"(23.07844, -104.54656)",DU0496,39.72 km,—
CiÃ©nega del Oso,"(23.07844, -104.54656)",DU0496,39.83 km,—
El EscorpiÃ³n,"(23.07844, -104.54656)",DU0496,48.16 km,—
Los Encinos,"(23.07844, -104.54656)",DU0496,36.83 km,—
El RincÃ³n,"(23.07844, -104.54656)",DU0496,41.19 km,—
Rancho Viejo,"(23.07844, -104.54656)",DU0496,44.88 km,—
La Ventana,"(23.07844, -104.54656)",DU0496,45.17 km,—
El Puerto del Carrizal,"(23.07844, -104.54656)",DU0496,55.18 km,—
Los Duraznos,"(23.07844, -104.54656)",DU0496,44.95 km,—
Tres Cerritos,"(23.07844, -104.54656)",DU0496,43.14 km,—
Mesa de la Cintura,"(23.07844, -104.54656)",DU0496,34.48 km,—
La Tijera,"(25.05276, -106.33673)",DU0174,34.50 km,—
San Juan,"(29.20880, -111.75971)",SO9649,37.78 km,—
Tres Pechos,"(29.20880, -111.75971)",SO9649,53.32 km,—
Pozo Coyote,"(29.90803, -112.68386)",SO2684,47.90 km,—
Pozo Nuevo,"(29.90803, -112.68386)",SO2684,31.31 km,—
San Ignacio Uno,"(29.90803, -112.68386)",SO2684,49.97 km,—
La Tinaja,"(29.90803, -112.68386)",SO2684,51.64 km,—
La Golondrina,"(29.90803, -112.68386)",SO2684,35.43 km,—
El Represo de Abajo,"(29.20880, -111.75971)",SO9649,53.47 km,—
San Francisquito (San Francisco),"(29.90803, -112.68386)",SO2684,53.24 km,—
Santa Eduwiges,"(29.20880, -111.75971)",SO9649,49.02 km,—
Dolores,"(29.20880, -111.75971)",SO9649,51.58 km,—
Pozo Tres (Ejido San Ignacio),"(29.90803, -112.68386)",SO2684,45.37 km,—
Balones (El Muerto),"(24.66332, -101.71454)",ZA1130,39.99 km,—
Filipinas,"(28.04136, -103.78378)",CO0072,57.55 km,—
Nuevo Gabino VÃ¡zquez,"(28.04136, -103.78378)",CO0072,52.93 km,—
El Albur,"(27.02522, -103.36592)",CO0071,36.30 km,—
CannÃ¡n,"(28.04136, -103.78378)",CO0072,83.17 km,—
Cerros de Leija,"(28.04136, -103.78378)",CO0072,45.64 km,—
San Isidro de MÃ¡rquez (El Caracol),"(28.04136, -103.78378)",CO0072,37.70 km,—
SecciÃ³n San Fernando [EstaciÃ³n],"(28.04136, -103.78378)",CO0072,44.35 km,—
Colonia Ganadera ConstituciÃ³n,"(27.02522, -103.36592)",CO0071,37.02 km,—
El Pozo de San Isidro,"(28.04136, -103.78378)",CO0072,50.95 km,—
La ParreÃ±a,"(27.02522, -103.36592)",CO0071,43.22 km,—
Guadalupe,"(27.02522, -103.36592)",CO0071,30.71 km,—
Agua Caliente,"(26.04211, -106.50761)",CH3301,30.40 km,—
Los Huacales,"(28.04136, -103.78378)",CO0072,32.09 km,—
Pedro CalderÃ³n de la Barca (El Reliz),"(28.04136, -103.78378)",CO0072,56.51 km,—
La Boquilla,"(28.04136, -103.78378)",CO0072,43.18 km,—
Santo NiÃ±o,"(28.04136, -103.78378)",CO0072,42.28 km,—
Galilea (Tinaja Verde),"(29.48417, -105.07422)",CH6596,35.18 km,—
Huichuriachi,"(27.30113, -107.54361)",CH0739,32.64 km,—
Rosahuarachi (Rosabachi),"(27.30113, -107.54361)",CH0739,31.98 km,—
Sitanachi,"(27.30113, -107.54361)",CH0739,30.60 km,—
Pallenachi,"(27.46821, -106.73537)",CH4324,33.41 km,—
Las Bufas,"(26.42989, -107.26740)",CH0372,35.87 km,—
Cazuelas,"(26.96029, -104.60189)",CH1788,31.64 km,—
La Coyota,"(28.31294, -104.55203)",CH5585,35.14 km,—
La DivisiÃ³n,"(28.04136, -103.78378)",CO0072,62.71 km,—
La Tinaja,"(27.02892, -107.73714)",CH2269,38.47 km,—
El GuamÃºchil,"(26.42989, -107.26740)",CH0372,36.52 km,—
RancherÃ­a la Pitahaya,"(27.02892, -107.73714)",CH2269,30.32 km,—
El Duraznito,"(27.02892, -107.73714)",CH2269,33.42 km,—
El Rosario,"(28.76949, -104.52450)",CH1359,30.47 km,—
El Potrerito,"(27.39202, -108.42094)",CH1455,33.13 km,—
La Junta,"(27.39202, -108.42094)",CH1455,33.27 km,—
San Antonio,"(28.16097, -108.57019)",CH2652,33.57 km,—
BajÃ­o el Canelo,"(26.04211, -106.50761)",CH3301,35.84 km,—
El Calvario,"(26.04211, -106.50761)",CH3301,30.91 km,—
San JosÃ© (Las Carbonosas),"(25.75608, -104.90372)",DU1677,36.74 km,—
El PÃ­rame (PeÃ±a Alto),"(23.07844, -104.54656)",DU0496,50.24 km,—
CiÃ©nega Ladera,"(23.07844, -104.54656)",DU0496,34.68 km,—
Las Sillas,"(23.07844, -104.54656)",DU0496,47.25 km,—
Bancos,"(23.07844, -104.54656)",DU0496,48.33 km,—
El Consuelo,"(23.07844, -104.54656)",DU0496,48.47 km,—
Los Lirios,"(23.07844, -104.54656)",DU0496,49.34 km,—
Cerritos,"(23.07844, -104.54656)",DU0496,51.19 km,—
Acatita,"(25.05276, -106.33673)",DU0174,32.04 km,—
Los Ãngeles,"(25.05276, -106.33673)",DU0174,30.40 km,—
Las Azoteas,"(23.94176, -106.42636)",SI5791,37.96 km,—
El Candelero,"(23.94176, -106.42636)",SI5791,38.32 km,—
Palmerito,"(25.87042, -107.54683)",SI5998,30.63 km,—
La Vaca Colorada,"(29.20880, -111.75971)",SO9649,51.82 km,—
La Noria del Pico,"(24.66332, -101.71454)",ZA1130,47.52 km,—
Los Tanques (Majada AndrÃ©s Guevara),"(24.66332, -101.71454)",ZA1130,41.46 km,—
El Palo Verde,"(27.29239, -112.91149)",BS2901,45.62 km,—
El Chupadero Blanco,"(28.04136, -103.78378)",CO0072,75.77 km,—
La Gloria,"(28.04136, -103.78378)",CO0072,59.32 km,—
El VolcÃ¡n,"(28.04136, -103.78378)",CO0072,39.06 km,—
La Victoria,"(28.04136, -103.78378)",CO0072,33.98 km,—
El Milagro,"(27.02522, -103.36592)",CO0071,30.32 km,—
El Papalote (El Uno),"(30.53762, -106.19748)",CH0006,45.92 km,—
Cuevas Blancas,"(26.04211, -106.50761)",CH3301,39.61 km,—
El Chiguitoso,"(26.04211, -106.50761)",CH3301,32.99 km,—
Los Frailes,"(28.04136, -103.78378)",CO0072,47.41 km,—
San Fernando,"(28.31294, -104.55203)",CH5585,38.58 km,—
Santa Teresa (Santa Teresita),"(28.04136, -103.78378)",CO0072,46.65 km,—
El Berrendo,"(28.04136, -103.78378)",CO0072,52.09 km,—
Hormigas,"(28.04136, -103.78378)",CO0072,34.40 km,—
Cohechi,"(27.46821, -106.73537)",CH4324,30.60 km,—
Paraje la Gallina,"(26.42989, -107.26740)",CH0372,34.89 km,—
Hechiceros Quemados,"(28.04136, -103.78378)",CO0072,65.50 km,—
Chupadero,"(28.76949, -104.52450)",CH1359,39.44 km,—
Basonopita,"(26.42989, -107.26740)",CH0372,37.55 km,—
Buenavista,"(27.02892, -107.73714)",CH2269,36.96 km,—
El Chapote (La Mina),"(27.02892, -107.73714)",CH2269,38.21 km,—
GuamÃºchil,"(27.02892, -107.73714)",CH2269,31.75 km,—
Huicorachi,"(27.39202, -108.42094)",CH1455,31.98 km,—
Joya Loma (El Molino),"(27.39202, -108.42094)",CH1455,32.96 km,—
Rancho de los Linos,"(26.04211, -106.50761)",CH3301,36.25 km,—
El Puerto Colorado,"(26.04211, -106.50761)",CH3301,37.37 km,—
San Juan,"(25.75608, -104.90372)",DU1677,33.89 km,—
Los Hoyos,"(23.07844, -104.54656)",DU0496,40.40 km,—
Bancos,"(23.07844, -104.54656)",DU0496,40.74 km,—
La Joyita,"(23.07844, -104.54656)",DU0496,39.30 km,—
La Ladera,"(23.07844, -104.54656)",DU0496,50.29 km,—
Magueyes,"(23.07844, -104.54656)",DU0496,48.86 km,—
El Llano,"(23.07844, -104.54656)",DU0496,36.99 km,—
La Palma,"(23.07844, -104.54656)",DU0496,38.01 km,—
El Tecolote,"(23.07844, -104.54656)",DU0496,31.37 km,—
El Ojito del CaimÃ¡n,"(25.05276, -106.33673)",DU0174,41.25 km,—
Joya de las Viudas,"(26.04211, -106.50761)",CH3301,33.10 km,—
El Guacimal,"(25.05276, -106.33673)",DU0174,30.93 km,—
Sangualica,"(18.07419, -102.75777)",MI7528,39.62 km,—
Vallecitos,"(18.07419, -102.75777)",MI7528,30.71 km,—
El Berrendo,"(24.66332, -101.71454)",ZA1130,42.93 km,—
El Paraje,"(27.29239, -112.91149)",BS2901,37.85 km,—
Los Sauces,"(27.29239, -112.91149)",BS2901,37.95 km,—
La Parcela,"(28.04136, -103.78378)",CO0072,93.50 km,—
La Boquillita (Los Hinojo),"(28.04136, -103.78378)",CO0072,82.32 km,—
Jalisco,"(28.04136, -103.78378)",CO0072,66.78 km,—
Pozo de los Catetos,"(28.04136, -103.78378)",CO0072,30.36 km,—
Nuevos Horizontes (San Francisco),"(28.04136, -103.78378)",CO0072,37.46 km,—
La MÃ¡quina,"(30.53762, -106.19748)",CH0006,35.56 km,—
La Yegua,"(29.96284, -106.14192)",CH1871,37.07 km,—
Cuatro Vientos,"(26.04211, -106.50761)",CH3301,41.78 km,—
El Ciruelo,"(27.02892, -107.73714)",CH2269,32.49 km,—
La Laguna del Prieto (El Canelo),"(28.04136, -103.78378)",CO0072,54.86 km,—
Las Tuzas,"(29.96284, -106.14192)",CH1871,45.18 km,—
Huehueachi,"(27.30113, -107.54361)",CH0739,32.57 km,—
Las Juntas Arroyo de San JosÃ©,"(26.04211, -106.50761)",CH3301,30.67 km,—
Las Truchas,"(29.68195, -108.27029)",CH6604,32.34 km,—
El Ciruelo Uno,"(27.02892, -107.73714)",CH2269,39.32 km,—
La Cumbre del Marchante,"(27.02892, -107.73714)",CH2269,37.68 km,—
Barbecho de Arturo,"(27.02892, -107.73714)",CH2269,34.35 km,—
El Nito,"(28.76949, -104.52450)",CH1359,33.41 km,—
El Pinal,"(27.02892, -107.73714)",CH2269,31.78 km,—
El BajÃ­o,"(26.04211, -106.50761)",CH3301,30.48 km,—
Zopilotes,"(23.07844, -104.54656)",DU0496,33.41 km,—
Platanitos,"(23.07844, -104.54656)",DU0496,41.94 km,—
El Huas,"(23.07844, -104.54656)",DU0496,45.85 km,—
Pinos Altos,"(23.07844, -104.54656)",DU0496,48.30 km,—
Zapotes,"(23.07844, -104.54656)",DU0496,39.13 km,—
El Llanito,"(23.07844, -104.54656)",DU0496,43.72 km,—
Rancho Nuevo,"(23.07844, -104.54656)",DU0496,42.20 km,—
Irak,"(23.07844, -104.54656)",DU0496,42.48 km,—
Texcalame,"(23.07844, -104.54656)",DU0496,40.72 km,—
Tierra Blanca,"(23.07844, -104.54656)",DU0496,39.69 km,—
Pastores,"(25.05276, -106.33673)",DU0174,39.95 km,—
Hoja Ancha,"(23.07844, -104.54656)",DU0496,36.85 km,—
Mesillas,"(25.05276, -106.33673)",DU0174,31.16 km,—
El Canal Agro,"(18.07419, -102.75777)",MI7528,32.43 km,—
El Cerezo,"(18.07419, -102.75777)",MI7528,32.65 km,—
Los Hoyos,"(24.66332, -101.71454)",ZA1130,39.40 km,—
Punta Blanca,"(27.29239, -112.91149)",BS2901,30.86 km,—
Noche Buena,"(28.04136, -103.78378)",CO0072,55.27 km,—
El Palmo,"(28.04136, -103.78378)",CO0072,48.99 km,—
Barret Holdings,"(30.53762, -106.19748)",CH0006,51.21 km,—
El Potrero,"(26.04211, -106.50761)",CH3301,32.56 km,—
Tabletita de San Juan,"(27.02892, -107.73714)",CH2269,35.36 km,—
Mesa del Piloncillo,"(27.02892, -107.73714)",CH2269,34.54 km,—
Sitanachi,"(27.02892, -107.73714)",CH2269,30.52 km,—
Bacabochi,"(27.30113, -107.54361)",CH0739,34.85 km,—
Sitanapuchi,"(26.42989, -107.26740)",CH0372,31.64 km,—
Semental,"(27.02892, -107.73714)",CH2269,36.39 km,—
La Tescalama,"(27.02892, -107.73714)",CH2269,31.99 km,—
San Isidro,"(26.42989, -107.26740)",CH0372,38.42 km,—
El Potrerito,"(27.02892, -107.73714)",CH2269,34.70 km,—
Los Soyates (El ChapulÃ­n),"(23.07844, -104.54656)",DU0496,36.93 km,—
CordÃ³n el Carrizal,"(23.07844, -104.54656)",DU0496,57.74 km,—
La CiÃ©nega,"(23.07844, -104.54656)",DU0496,39.13 km,—
El AlacrÃ¡n,"(23.07844, -104.54656)",DU0496,32.91 km,—
Los Zancudos,"(23.07844, -104.54656)",DU0496,30.75 km,—
Las Chiches,"(23.07844, -104.54656)",DU0496,47.14 km,—
La Reja,"(23.07844, -104.54656)",DU0496,45.11 km,—
Penillas,"(23.07844, -104.54656)",DU0496,54.51 km,—
El TejabÃ¡n,"(23.07844, -104.54656)",DU0496,46.54 km,—
BajÃ­o de Gavilanes,"(23.07844, -104.54656)",DU0496,45.59 km,—
Agua Verde,"(23.07844, -104.54656)",DU0496,40.49 km,—
Los Cuervos,"(23.07844, -104.54656)",DU0496,39.24 km,—
Pino Parado,"(23.07844, -104.54656)",DU0496,39.02 km,—
Puerto Blanco,"(25.05276, -106.33673)",DU0174,32.11 km,—
La Hacienda de CujarÃ¡n,"(18.66281, -101.64622)",MI7606,31.68 km,—
Los Parajes,"(18.07419, -102.75777)",MI7528,30.42 km,—
San Antonio de la CigÃ¼eÃ±a,"(24.66332, -101.71454)",ZA1130,33.29 km,—
Cuesta de Roque,"(28.04136, -103.78378)",CO0072,76.13 km,—
Los Charcos,"(26.04211, -106.50761)",CH3301,37.28 km,—
Calabazas,"(26.42989, -107.26740)",CH0372,30.08 km,—
Piedras de Lumbre,"(26.42989, -107.26740)",CH0372,40.63 km,—
San JoaquÃ­n,"(27.02892, -107.73714)",CH2269,32.88 km,—
Las Joyas de Abajo,"(23.07844, -104.54656)",DU0496,45.48 km,—
La Mesa de San Antonio,"(23.07844, -104.54656)",DU0496,32.75 km,—
El Carrizal,"(23.07844, -104.54656)",DU0496,56.15 km,—
El Cerro de la Flor,"(23.07844, -104.54656)",DU0496,32.13 km,—
Muruata,"(23.07844, -104.54656)",DU0496,39.55 km,—
Chalates,"(23.07844, -104.54656)",DU0496,36.09 km,—
Ceja de Toyana,"(23.07844, -104.54656)",DU0496,37.88 km,—
Los Balones,"(23.07844, -104.54656)",DU0496,38.28 km,—
Cerro Amarillo,"(23.07844, -104.54656)",DU0496,34.58 km,—
Los Conejos,"(23.07844, -104.54656)",DU0496,36.15 km,—
Cerro de la Flecha,"(23.07844, -104.54656)",DU0496,35.84 km,—
JesÃºs MarÃ­a,"(27.29239, -112.91149)",BS2901,40.12 km,—
Rancho la Eta,"(27.02522, -103.36592)",CO0071,45.73 km,—
Huizarochi,"(27.46821, -106.73537)",CH4324,31.70 km,—
Napachi,"(27.30113, -107.54361)",CH0739,30.02 km,—
Llano Grande,"(26.42989, -107.26740)",CH0372,32.72 km,—
Angostura,"(23.07844, -104.54656)",DU0496,50.04 km,—
Los Aires,"(23.07844, -104.54656)",DU0496,41.48 km,—
Combustita,"(23.07844, -104.54656)",DU0496,47.08 km,—
Agua Seca,"(23.07844, -104.54656)",DU0496,40.23 km,—
Rancho la PeÃ±a,"(23.07844, -104.54656)",DU0496,38.21 km,—
Rancho Nuevo,"(25.05276, -106.33673)",DU0174,38.83 km,—
La Cahuitera,"(18.07419, -102.75777)",MI7528,37.06 km,—
Los Puertecitos,"(18.07419, -102.75777)",MI7528,30.95 km,—
El ColÃ¡s,"(18.53200, -103.58739)",MI1950,34.68 km,—
RincÃ³n de Guayabito,"(23.94176, -106.42636)",SI5791,40.58 km,—
Paraje Sitagapachi,"(27.46821, -106.73537)",CH4324,32.35 km,—
Mesa Verde,"(27.02892, -107.73714)",CH2269,36.49 km,—
El Catorce,"(23.07844, -104.54656)",DU0496,51.97 km,—
La Cruz,"(23.07844, -104.54656)",DU0496,46.21 km,—
La Mesita,"(23.07844, -104.54656)",DU0496,39.78 km,—
El Yeguate,"(23.07844, -104.54656)",DU0496,34.56 km,—
Las Joyas,"(23.07844, -104.54656)",DU0496,41.25 km,—
El Carrizo,"(23.07844, -104.54656)",DU0496,30.99 km,—
La Laguna,"(23.07844, -104.54656)",DU0496,38.75 km,—
Tezcalame,"(23.07844, -104.54656)",DU0496,40.08 km,—
Pino Triste,"(23.07844, -104.54656)",DU0496,37.82 km,—
Lindavista [Rancho],"(23.07844, -104.54656)",DU0496,39.04 km,—
Los Limones [De Tierras Coloradas de MaÃ­z Gordo],"(23.07844, -104.54656)",DU0496,35.33 km,—
Rancho Nuevo,"(29.20880, -111.75971)",SO9649,31.50 km,—
Labores del Rayado (Las Labores),"(24.66332, -101.71454)",ZA1130,48.32 km,—
Huichagoachi,"(27.46821, -106.73537)",CH4324,35.41 km,—
El Limoncito,"(27.02892, -107.73714)",CH2269,35.03 km,—
Los Perros,"(23.07844, -104.54656)",DU0496,44.88 km,—
Los Metates,"(23.07844, -104.54656)",DU0496,36.29 km,—
Los Pinos,"(23.07844, -104.54656)",DU0496,32.39 km,—
Puerto de Corralitos,"(23.07844, -104.54656)",DU0496,38.26 km,—
La Ventana,"(23.07844, -104.54656)",DU0496,36.94 km,—
La Joya,"(23.07844, -104.54656)",DU0496,36.79 km,—
El PeÃ±asco (KilÃ³metro Dos),"(23.07844, -104.54656)",DU0496,51.73 km,—
CiÃ©nega del Zancudo Uno,"(23.07844, -104.54656)",DU0496,31.07 km,—
Encino Gordo,"(23.07844, -104.54656)",DU0496,34.20 km,—
El Platanar,"(23.07844, -104.54656)",DU0496,42.48 km,—
Mautal,"(25.05276, -106.33673)",DU0174,32.04 km,—
Puerto el Gallo,"(18.07419, -102.75777)",MI7528,31.45 km,—
El Mirador,"(18.07419, -102.75777)",MI7528,33.85 km,—
San JosÃ© de la Camisa (San JosÃ© de la Laguna),"(23.80831, -102.47347)",ZA0350,34.46 km,—
Pino Solo,"(27.02892, -107.73714)",CH2269,33.78 km,—
VinaterÃ­as,"(27.02892, -107.73714)",CH2269,34.05 km,—
La Mesita,"(23.07844, -104.54656)",DU0496,38.36 km,—
Mesa de Alamitos,"(23.07844, -104.54656)",DU0496,32.23 km,—
Rodeo,"(23.07844, -104.54656)",DU0496,32.88 km,—
Los Gavilanes,"(23.07844, -104.54656)",DU0496,46.01 km,—
El Zapote,"(23.07844, -104.54656)",DU0496,31.32 km,—
La Ceja,"(23.07844, -104.54656)",DU0496,48.32 km,—
Los Barros,"(23.07844, -104.54656)",DU0496,38.05 km,—
Casa de Texas,"(23.94176, -106.42636)",SI5791,38.06 km,—
Bajichi,"(27.46821, -106.73537)",CH4324,35.63 km,—
Tierras Azules,"(23.07844, -104.54656)",DU0496,40.13 km,—
La Hacienda,"(23.07844, -104.54656)",DU0496,47.34 km,—
Las Colmenas,"(23.07844, -104.54656)",DU0496,31.60 km,—
Otilio Soto Soto,"(23.07844, -104.54656)",DU0496,31.13 km,—
Catarino SolÃ­s MÃ¡rquez,"(23.07844, -104.54656)",DU0496,33.20 km,—
Las Palomas [Rancho],"(23.07844, -104.54656)",DU0496,34.37 km,—
Las Guayabas,"(23.07844, -104.54656)",DU0496,31.20 km,—
La Laja de Abajo,"(27.02892, -107.73714)",CH2269,33.09 km,—
Arroyo de los Limones,"(23.07844, -104.54656)",DU0496,47.58 km,—
Zapotes,"(23.07844, -104.54656)",DU0496,42.05 km,—
Tierras Coloradas,"(23.07844, -104.54656)",DU0496,32.43 km,—
Clavellina,"(23.07844, -104.54656)",DU0496,32.44 km,—
Mesa del PÃ¡jaro,"(23.07844, -104.54656)",DU0496,31.23 km,—
Las Ramadas,"(23.07844, -104.54656)",DU0496,30.79 km,—
La Ventana,"(23.07844, -104.54656)",DU0496,42.91 km,—
El Guayabito,"(23.07844, -104.54656)",DU0496,43.18 km,—
Las Mesas,"(23.07844, -104.54656)",DU0496,36.45 km,—
Los Pinitos,"(23.07844, -104.54656)",DU0496,38.86 km,—
La Saucillera,"(18.07419, -102.75777)",MI7528,36.05 km,—
El Ranchito,"(24.66332, -101.71454)",ZA1130,46.07 km,—
San Vicente,"(26.42989, -107.26740)",CH0372,31.12 km,—
El Aguaje,"(27.02892, -107.73714)",CH2269,31.51 km,—
Los Cedros,"(23.07844, -104.54656)",DU0496,37.05 km,—
Mesa de Tierras Coloradas,"(23.07844, -104.54656)",DU0496,33.60 km,—
Puerto el Platanar,"(23.07844, -104.54656)",DU0496,41.69 km,—
La Cupia,"(25.05276, -106.33673)",DU0174,50.71 km,—
El Bonete,"(18.07419, -102.75777)",MI7528,31.13 km,—
La Hulera,"(18.07419, -102.75777)",MI7528,37.39 km,—
El Ranchito,"(18.07419, -102.75777)",MI7528,33.16 km,—
Los Hornos,"(27.02892, -107.73714)",CH2269,30.37 km,—
Napuchi,"(27.02892, -107.73714)",CH2269,32.77 km,—
Cerro Agujerado,"(23.07844, -104.54656)",DU0496,48.16 km,—
Corralillos de Cuilala,"(18.07419, -102.75777)",MI7528,40.08 km,—
El Carrizal,"(27.02892, -107.73714)",CH2269,34.67 km,—
Las Palomas,"(23.07844, -104.54656)",DU0496,42.13 km,—
Los Robles,"(23.07844, -104.54656)",DU0496,33.75 km,—
Barbechitos,"(23.07844, -104.54656)",DU0496,37.77 km,—
Palomas,"(23.07844, -104.54656)",DU0496,31.59 km,—
Tierra Sonando,"(23.07844, -104.54656)",DU0496,38.02 km,—
PeÃ±as Coloradas,"(23.07844, -104.54656)",DU0496,39.78 km,—
El Socorro,"(18.07419, -102.75777)",MI7528,30.09 km,—
La Ocotera,"(18.07419, -102.75777)",MI7528,31.90 km,—
Altamira,"(23.07844, -104.54656)",DU0496,51.80 km,—
Las Ranas,"(23.07844, -104.54656)",DU0496,39.68 km,—
El EspÃ­ritu Santo,"(23.07844, -104.54656)",DU0496,43.22 km,—
Agua Caliente,"(23.07844, -104.54656)",DU0496,40.81 km,—
Santiaguillo,"(18.07419, -102.75777)",MI7528,35.59 km,—
Mi Ranchito,"(29.90803, -112.68386)",SO2684,45.87 km,—
Los Carrizos,"(23.07844, -104.54656)",DU0496,34.09 km,—
Pueblo Viejo,"(23.94176, -106.42636)",SI5791,39.02 km,—
Santa MarÃ­a (Palma Sola),"(24.66332, -101.71454)",ZA1130,40.37 km,—
El Zapote de las Viejas,"(18.07419, -102.75777)",MI7528,32.67 km,—
Tenchoquelite,"(23.94176, -106.42636)",SI5791,34.51 km,—
Tepehuajes,"(23.94176, -106.42636)",SI5791,32.46 km,—
Los Limones,"(18.07419, -102.75777)",MI7528,36.34 km,—
Las Ãnimas,"(18.53200, -103.58739)",MI1950,30.71 km,—
Pichilinguillo,"(18.07419, -102.75777)",MI7528,37.23 km,—
El Ranchito,"(24.17361, -101.00128)",SL0534,30.99 km,—
Banderitas Uno,"(24.66332, -101.71454)",ZA1130,41.90 km,—
Herradero,"(18.07419, -102.75777)",MI7528,30.91 km,—
La Ujera,"(18.07419, -102.75777)",MI7528,33.02 km,—
Los Parajes,"(18.53200, -103.58739)",MI1950,31.06 km,—
Los RodrÃ­guez,"(24.66332, -101.71454)",ZA1130,31.09 km,—
Las Humedades,"(18.53200, -103.58739)",MI1950,33.58 km,—
El Refugio (Estancia del Refugio),"(23.80831, -102.47347)",ZA0350,31.66 km,—
La CaÃ±a,"(23.94176, -106.42636)",SI5791,30.29 km,—
BavÃ­cora,"(27.38838, -108.85665)",SO9654,32.51 km,—
El TepozÃ¡n,"(24.66332, -101.71454)",ZA1130,45.11 km,—
Los Haro,"(24.63264, -102.77866)",DU1503,40.25 km,—
Tanque Viejo,"(24.66332, -101.71454)",ZA1130,45.97 km,—
Benito JuÃ¡rez (El Tigre),"(24.63264, -102.77866)",DU1503,34.17 km,—
CaÃ±ada Blanca,"(24.63264, -102.77866)",DU1503,39.82 km,—
San Luis,"(18.07419, -102.75777)",MI7528,32.81 km,—
San JosÃ© de Carbonerillas,"(24.66332, -101.71454)",ZA1130,36.78 km,—
Las Estacas,"(23.07844, -104.54656)",DU0496,51.62 km,—
Miguel Hidalgo,"(23.80831, -102.47347)",ZA0350,30.92 km,—
San Felipe del Teyra (San Felipe),"(24.66332, -101.71454)",ZA1130,48.56 km,—
Cuilala de Hidalgo,"(18.07419, -102.75777)",MI7528,38.41 km,—
La CiÃ©nega del Oso,"(23.07844, -104.54656)",DU0496,50.66 km,—
Arenas Blancas,"(18.07419, -102.75777)",MI7528,35.94 km,—
La Presita,"(24.66332, -101.71454)",ZA1130,35.15 km,—
CaanÃ¡n,"(19.20461, -88.53603)",QR8007,33.57 km,—
Presa del Junco,"(24.66332, -101.71454)",ZA1130,41.49 km,—
Tanquecillos,"(24.66332, -101.71454)",ZA1130,40.54 km,—
Zapotes,"(25.05276, -106.33673)",DU0174,43.99 km,—
Zalatita,"(23.07844, -104.54656)",DU0496,41.48 km,—
YerbanÃ­z,"(23.07844, -104.54656)",DU0496,44.77 km,—
Yepo,"(27.30113, -107.54361)",CH0739,30.17 km,—
Venatachi,"(27.46821, -106.73537)",CH4324,31.40 km,—
Ãltima Agua,"(26.04211, -106.50761)",CH3301,40.05 km,—
Turoseachi,"(27.46821, -106.73537)",CH4324,34.19 km,—
Triguito de los Loya,"(26.42989, -107.26740)",CH0372,30.83 km,—
Toyana,"(23.07844, -104.54656)",DU0496,39.84 km,—
Totorichi,"(27.46821, -106.73537)",CH4324,34.42 km,—
Tonalampa,"(23.07844, -104.54656)",DU0496,50.71 km,—
TÃ³nachi,"(27.46821, -106.73537)",CH4324,36.28 km,—
Tierras Coloradas,"(23.07844, -104.54656)",DU0496,33.66 km,—
Tierra Colorada,"(23.07844, -104.54656)",DU0496,30.82 km,—
Tierra Colorada,"(23.07844, -104.54656)",DU0496,36.44 km,—
Tierra Blanca [De Tierras Coloradas de MaÃ­z Gordo],"(23.07844, -104.54656)",DU0496,38.73 km,—
Tierra Blanca (PeÃ±ascos Blancos),"(23.07844, -104.54656)",DU0496,30.94 km,—
Tierra Blanca,"(23.07844, -104.54656)",DU0496,39.38 km,—
Tierra Blanca,"(23.07844, -104.54656)",DU0496,48.72 km,—
Tierra Blanca,"(23.07844, -104.54656)",DU0496,39.50 km,—
Tierra Arada,"(23.07844, -104.54656)",DU0496,51.81 km,—
Tepetates Colorados,"(23.07844, -104.54656)",DU0496,32.37 km,—
Tepetates,"(23.07844, -104.54656)",DU0496,31.86 km,—
Tempisque,"(23.07844, -104.54656)",DU0496,45.74 km,—
Tempisque,"(27.02892, -107.73714)",CH2269,31.24 km,—
Tastecitos,"(27.02892, -107.73714)",CH2269,31.24 km,—
Tachichilpa,"(23.07844, -104.54656)",DU0496,37.21 km,—
Tachichilpa,"(23.07844, -104.54656)",DU0496,50.96 km,—
Tabla Parada,"(23.07844, -104.54656)",DU0496,30.66 km,—
Sellorachi,"(27.46821, -106.73537)",CH4324,32.88 km,—
Seguarachi,"(27.30113, -107.54361)",CH0739,33.15 km,—
Santa MarÃ­a de las Flores,"(23.07844, -104.54656)",DU0496,35.87 km,—
Santa Fe del Pino (La Morita),"(28.04136, -103.78378)",CO0072,93.63 km,—
Santa Efigenia,"(25.05276, -106.33673)",DU0174,33.94 km,—
Santa Cruz del Molino,"(25.05276, -106.33673)",DU0174,42.93 km,—
Santa Anita,"(29.48417, -105.07422)",CH6596,30.53 km,—
San Rafael,"(25.05276, -106.33673)",DU0174,37.11 km,—
San Lucas,"(23.07844, -104.54656)",DU0496,43.41 km,—
San Juan de los Iturralde,"(26.04211, -106.50761)",CH3301,40.16 km,—
San JosÃ© del Llano,"(23.07844, -104.54656)",DU0496,38.15 km,—
San JosÃ© de Carranza,"(28.04136, -103.78378)",CO0072,33.88 km,—
San Francisco de Peribanes,"(24.63264, -102.77866)",DU1503,34.98 km,—
San Antonio de la Huerta,"(26.42989, -107.26740)",CH0372,41.22 km,—
San Antonio [De Milpillas],"(23.07844, -104.54656)",DU0496,37.36 km,—
San Antonio (Los Duraznos),"(28.04136, -103.78378)",CO0072,31.03 km,—
Sahuarare,"(26.42989, -107.26740)",CH0372,32.31 km,—
Sahuarare,"(26.42989, -107.26740)",CH0372,33.41 km,—
Sahuachi,"(27.02892, -107.73714)",CH2269,30.22 km,—
RincÃ³n del Pleito,"(27.02892, -107.73714)",CH2269,31.46 km,—
RincÃ³n de Huajupa,"(25.05276, -106.33673)",DU0174,31.74 km,—
Rancho Viejo,"(25.05276, -106.33673)",DU0174,33.91 km,—
Rancho Nuevo,"(23.07844, -104.54656)",DU0496,34.55 km,—
Rahuihuarachi,"(27.46821, -106.73537)",CH4324,35.99 km,—
Puerto MÃ©xico,"(23.07844, -104.54656)",DU0496,36.61 km,—
Puerto Colorado,"(26.42989, -107.26740)",CH0372,34.34 km,—
Puerto Colorado,"(27.02892, -107.73714)",CH2269,31.38 km,—
Puerta de Pericos,"(23.07844, -104.54656)",DU0496,50.40 km,—
Polvorillas,"(28.76949, -104.52450)",CH1359,33.42 km,—
Pinos Altos,"(23.07844, -104.54656)",DU0496,34.37 km,—
Pino Real (ChapotÃ¡n),"(23.07844, -104.54656)",DU0496,30.61 km,—
Piedra de Amolar,"(23.07844, -104.54656)",DU0496,40.97 km,—
Pie de la Cuesta,"(25.05276, -106.33673)",DU0174,30.69 km,—
Picachos Dos,"(23.07844, -104.54656)",DU0496,37.55 km,—
Picachos (Barranca de los Picachos),"(23.07844, -104.54656)",DU0496,54.19 km,—
Picachos,"(23.07844, -104.54656)",DU0496,30.26 km,—
PeÃ±asco Blanco,"(23.07844, -104.54656)",DU0496,31.16 km,—
PeÃ±a Blanca,"(28.04136, -103.78378)",CO0072,70.81 km,—
Palos Altos,"(24.63264, -102.77866)",DU1503,35.67 km,—
NiÃ±os HÃ©roes de Chapultepec,"(31.22141, -107.60430)",CH1904,31.30 km,—
Nahueachi,"(27.46821, -106.73537)",CH4324,30.81 km,—
MurciÃ©lagos,"(23.07844, -104.54656)",DU0496,38.90 km,—
Molinos,"(25.05276, -106.33673)",DU0174,30.14 km,—
Miramontes,"(27.02892, -107.73714)",CH2269,31.47 km,—
Minitas,"(23.07844, -104.54656)",DU0496,31.53 km,—
Metatita,"(23.07844, -104.54656)",DU0496,47.22 km,—
Mesa del Venado (Sombrero Quemado),"(23.07844, -104.54656)",DU0496,31.69 km,—
Mesa del Rayo,"(26.42989, -107.26740)",CH0372,33.24 km,—
Mesa del Agua,"(26.04211, -106.50761)",CH3301,35.51 km,—
Mesa de Tierra Blanca,"(23.07844, -104.54656)",DU0496,33.77 km,—
Mesa de Soyates,"(23.07844, -104.54656)",DU0496,53.69 km,—
Mesa de NavÃ­os,"(23.07844, -104.54656)",DU0496,44.81 km,—
Mesa de los Hongos,"(23.07844, -104.54656)",DU0496,49.61 km,—
Mesa de los Bancos,"(23.07844, -104.54656)",DU0496,48.06 km,—
Cerro de las Pipas,"(23.07844, -104.54656)",DU0496,38.77 km,—
Mesa de las Nieves,"(23.07844, -104.54656)",DU0496,37.59 km,—
Mesa de las Milpas,"(23.07844, -104.54656)",DU0496,36.11 km,—
Mesa de la Tableta,"(26.42989, -107.26740)",CH0372,32.48 km,—
Mesa de la Cebolleta,"(23.07844, -104.54656)",DU0496,52.12 km,—
Mesa de la Bandera,"(23.07844, -104.54656)",DU0496,51.58 km,—
Mesa de Conejos,"(23.07844, -104.54656)",DU0496,35.59 km,—
Mesa Blanca,"(27.02892, -107.73714)",CH2269,32.42 km,—
Maguey Enterrado (La Ventanita),"(23.07844, -104.54656)",DU0496,42.61 km,—
Macho Parado,"(23.07844, -104.54656)",DU0496,31.50 km,—
Los Veranos,"(23.07844, -104.54656)",DU0496,31.17 km,—
Los Veranos,"(23.07844, -104.54656)",DU0496,38.51 km,—
Los Terreros,"(27.02892, -107.73714)",CH2269,30.40 km,—
Los Tenamastes,"(24.63264, -102.77866)",DU1503,30.41 km,—
Los Sauces,"(23.07844, -104.54656)",DU0496,45.68 km,—
Los Sauces,"(23.07844, -104.54656)",DU0496,34.24 km,—
Los Saltos,"(23.07844, -104.54656)",DU0496,32.12 km,—
Los Ratones,"(23.07844, -104.54656)",DU0496,32.52 km,—
Los Pinitos,"(23.07844, -104.54656)",DU0496,41.25 km,—
Los Picachos,"(23.07844, -104.54656)",DU0496,46.64 km,—
Los Padres,"(23.07844, -104.54656)",DU0496,40.71 km,—
Los Obscuros,"(23.07844, -104.54656)",DU0496,46.51 km,—
Los Nopales,"(18.66281, -101.64622)",MI7606,30.36 km,—
Los Metates,"(23.07844, -104.54656)",DU0496,40.09 km,—
Los Maniados,"(23.07844, -104.54656)",DU0496,39.37 km,—
Los Limones,"(23.07844, -104.54656)",DU0496,37.48 km,—
Los Leones,"(23.07844, -104.54656)",DU0496,36.17 km,—
Los Jacales,"(26.04211, -106.50761)",CH3301,37.90 km,—
Los Jabones,"(23.07844, -104.54656)",DU0496,36.23 km,—
Los Hongos,"(23.07844, -104.54656)",DU0496,50.41 km,—
Los Encinos,"(23.07844, -104.54656)",DU0496,41.53 km,—
Los Encinos,"(23.07844, -104.54656)",DU0496,44.76 km,—
Los Encinos,"(23.07844, -104.54656)",DU0496,39.53 km,—
Los Duraznos,"(23.07844, -104.54656)",DU0496,36.03 km,—
Los Duraznos,"(23.07844, -104.54656)",DU0496,35.38 km,—
Los Coyautes,"(23.07844, -104.54656)",DU0496,48.43 km,—
Los Cordones (La CiÃ©nega),"(23.07844, -104.54656)",DU0496,35.89 km,—
Los Chapotes,"(27.02892, -107.73714)",CH2269,31.92 km,—
Los Caballos,"(23.07844, -104.54656)",DU0496,37.70 km,—
Los Bules,"(23.07844, -104.54656)",DU0496,39.79 km,—
Los Berros,"(23.07844, -104.54656)",DU0496,50.11 km,—
Los Barros,"(23.07844, -104.54656)",DU0496,50.27 km,—
Los Bancos,"(23.07844, -104.54656)",DU0496,30.38 km,—
Los Ayuches (Los Ayutes),"(25.05276, -106.33673)",DU0174,31.81 km,—
Los Arenales,"(23.07844, -104.54656)",DU0496,45.06 km,—
Los Altos,"(23.07844, -104.54656)",DU0496,34.87 km,—
Los Alacranes,"(23.07844, -104.54656)",DU0496,39.26 km,—
Los Aguilares,"(23.07844, -104.54656)",DU0496,37.99 km,—
Los Aguacates,"(23.07844, -104.54656)",DU0496,35.95 km,—
Los Aguacates,"(23.07844, -104.54656)",DU0496,44.70 km,—
Los Aguacates,"(23.07844, -104.54656)",DU0496,54.46 km,—
Los Aguacates,"(23.07844, -104.54656)",DU0496,30.38 km,—
Llano de Jacalitos,"(23.07844, -104.54656)",DU0496,33.07 km,—
Lechuguillas,"(23.07844, -104.54656)",DU0496,53.42 km,—
Lechuguilla,"(27.02892, -107.73714)",CH2269,32.76 km,—
Las Trementinas,"(23.07844, -104.54656)",DU0496,30.32 km,—
Las Trancas,"(25.05276, -106.33673)",DU0174,32.03 km,—
Las Pilitas,"(27.02892, -107.73714)",CH2269,30.88 km,—
Las Piedras,"(23.07844, -104.54656)",DU0496,37.76 km,—
Las Peras,"(23.07844, -104.54656)",DU0496,35.54 km,—
Las Papas,"(25.05276, -106.33673)",DU0174,31.45 km,—
Las Orejas,"(23.07844, -104.54656)",DU0496,35.02 km,—
Las Murallas,"(23.07844, -104.54656)",DU0496,31.22 km,—
Las MontaÃ±as,"(23.07844, -104.54656)",DU0496,43.35 km,—
Las Minitas,"(23.07844, -104.54656)",DU0496,39.44 km,—
Las Minas (Las Minitas),"(23.07844, -104.54656)",DU0496,37.91 km,—
Las Minas,"(23.07844, -104.54656)",DU0496,51.06 km,—
Las Mesas del BajÃ­o,"(23.07844, -104.54656)",DU0496,36.89 km,—
Las Mesas,"(23.07844, -104.54656)",DU0496,38.73 km,—
Las Mesas,"(23.07844, -104.54656)",DU0496,32.01 km,—
Las Mariposas (Las Flores),"(23.07844, -104.54656)",DU0496,30.60 km,—
Las Lomas,"(23.07844, -104.54656)",DU0496,36.55 km,—
Las Latas,"(23.07844, -104.54656)",DU0496,37.42 km,—
Las Lajas,"(23.07844, -104.54656)",DU0496,48.98 km,—
Las Laderas,"(23.07844, -104.54656)",DU0496,35.53 km,—
Las Joyitas,"(23.07844, -104.54656)",DU0496,39.65 km,—
Las Joyas de Arriba,"(23.07844, -104.54656)",DU0496,41.93 km,—
Las Joyas,"(23.07844, -104.54656)",DU0496,37.77 km,—
Las Hormigueras,"(23.07844, -104.54656)",DU0496,38.49 km,—
Las Hacienditas,"(25.05276, -106.33673)",DU0174,43.65 km,—
Las Glorias,"(23.07844, -104.54656)",DU0496,53.37 km,—
Las Gallinas,"(23.07844, -104.54656)",DU0496,52.31 km,—
Las Flores,"(25.05276, -106.33673)",DU0174,32.05 km,—
Las Flores,"(23.07844, -104.54656)",DU0496,37.92 km,—
Las Estrellas,"(23.07844, -104.54656)",DU0496,33.75 km,—
Las Espinas,"(23.07844, -104.54656)",DU0496,49.22 km,—
Las Cuevitas (Entronque Alamitos),"(23.07844, -104.54656)",DU0496,32.40 km,—
Las Cuevas,"(27.02892, -107.73714)",CH2269,35.78 km,—
Las Cruces de Barajas,"(25.05276, -106.33673)",DU0174,31.90 km,—
Las Cruces,"(23.07844, -104.54656)",DU0496,38.35 km,—
Chalchihuitillo (Las Cruces),"(23.07844, -104.54656)",DU0496,45.32 km,—
Las Colmenas,"(23.07844, -104.54656)",DU0496,34.95 km,—
Las Ciruelas,"(23.07844, -104.54656)",DU0496,38.38 km,—
Las Cabezas,"(23.07844, -104.54656)",DU0496,48.26 km,—
Las Cabezas,"(23.07844, -104.54656)",DU0496,35.90 km,—
Las Burras,"(28.04136, -103.78378)",CO0072,67.69 km,—
Las Bonitas,"(23.07844, -104.54656)",DU0496,34.03 km,—
Laguna del Burro,"(23.07844, -104.54656)",DU0496,32.53 km,—
La Yesca,"(25.05276, -106.33673)",DU0174,41.26 km,—
La Ventanilla,"(23.07844, -104.54656)",DU0496,30.86 km,—
La Ventana [De Tierras Coloradas],"(23.07844, -104.54656)",DU0496,41.15 km,—
La Ventana (Zapotes),"(23.07844, -104.54656)",DU0496,41.53 km,—
La Ventana,"(23.07844, -104.54656)",DU0496,36.19 km,—
La Tinaja,"(23.07844, -104.54656)",DU0496,50.31 km,—
La Soledad,"(23.07844, -104.54656)",DU0496,44.55 km,—
La Soledad,"(23.07844, -104.54656)",DU0496,50.62 km,—
La Semilla,"(23.07844, -104.54656)",DU0496,44.91 km,—
La Salitrera,"(27.02892, -107.73714)",CH2269,31.83 km,—
La Rosita,"(28.04136, -103.78378)",CO0072,70.62 km,—
La Reforma (Tembeleque),"(27.02892, -107.73714)",CH2269,30.72 km,—
La Presa,"(23.07844, -104.54656)",DU0496,44.22 km,—
La Pista,"(23.07844, -104.54656)",DU0496,50.12 km,—
La PeÃ±a (Las Bolsas),"(23.07844, -104.54656)",DU0496,52.50 km,—
La Nopalera,"(23.07844, -104.54656)",DU0496,31.79 km,—
La Muralla,"(23.07844, -104.54656)",DU0496,40.00 km,—
La Mesita del RincÃ³n,"(23.07844, -104.54656)",DU0496,39.93 km,—
La Mesa Rosada,"(25.05276, -106.33673)",DU0174,31.95 km,—
La Mesa de Santa Cruz,"(25.05276, -106.33673)",DU0174,42.02 km,—
La Mesa de San Buena (San Buena),"(23.07844, -104.54656)",DU0496,41.37 km,—
La Mesa de San Bernabe,"(23.07844, -104.54656)",DU0496,50.54 km,—
La Mesa,"(23.07844, -104.54656)",DU0496,36.44 km,—
La Mesa,"(23.07844, -104.54656)",DU0496,33.33 km,—
La Laguna [De Lajas],"(23.07844, -104.54656)",DU0496,41.56 km,—
La Laguna,"(23.07844, -104.54656)",DU0496,39.25 km,—
La Laguna,"(23.07844, -104.54656)",DU0496,53.04 km,—
La Joyita Escondida,"(23.07844, -104.54656)",DU0496,37.67 km,—
La Joyita de Tierras Coloradas,"(23.07844, -104.54656)",DU0496,34.84 km,—
La Joya del Agostadero,"(23.07844, -104.54656)",DU0496,45.81 km,—
La Joya,"(23.07844, -104.54656)",DU0496,33.35 km,—
La Joya,"(25.05276, -106.33673)",DU0174,33.61 km,—
La Huerta,"(27.02892, -107.73714)",CH2269,30.15 km,—
La Higuerita,"(27.02892, -107.73714)",CH2269,30.21 km,—
La Haciendita,"(27.02892, -107.73714)",CH2269,30.93 km,—
La Hacienda,"(23.07844, -104.54656)",DU0496,31.22 km,—
La Flor,"(23.07844, -104.54656)",DU0496,40.63 km,—
La Estancia,"(23.07844, -104.54656)",DU0496,55.38 km,—
La Escondida,"(23.07844, -104.54656)",DU0496,32.45 km,—
La Cumbre del GuamÃºchil,"(27.02892, -107.73714)",CH2269,30.51 km,—
La Cumbre,"(23.07844, -104.54656)",DU0496,33.05 km,—
La Cueva,"(23.07844, -104.54656)",DU0496,32.60 km,—
La CofradÃ­a,"(23.07844, -104.54656)",DU0496,33.15 km,—
La Cocha,"(25.05276, -106.33673)",DU0174,30.01 km,—
La Cieneguita,"(27.02892, -107.73714)",CH2269,37.69 km,—
La CiÃ©nega,"(23.07844, -104.54656)",DU0496,32.53 km,—
La CiÃ©nega,"(23.07844, -104.54656)",DU0496,37.79 km,—
La CiÃ©nega,"(23.07844, -104.54656)",DU0496,34.14 km,—
La CiÃ©nega,"(23.07844, -104.54656)",DU0496,34.24 km,—
La Cidra,"(27.02892, -107.73714)",CH2269,30.54 km,—
La Ceja,"(23.07844, -104.54656)",DU0496,30.73 km,—
La Ceja,"(23.07844, -104.54656)",DU0496,50.16 km,—
La Carreta,"(27.02892, -107.73714)",CH2269,31.05 km,—
La CaÃ±a,"(27.02892, -107.73714)",CH2269,33.25 km,—
La Canoa,"(26.04211, -106.50761)",CH3301,32.59 km,—
La Avispa,"(23.07844, -104.54656)",DU0496,30.06 km,—
Junta de Caminos,"(26.42989, -107.26740)",CH0372,35.28 km,—
Juan de la Cruz Borrego,"(28.04136, -103.78378)",CO0072,55.61 km,—
Jalapa,"(24.66332, -101.71454)",ZA1130,30.67 km,—
JabalÃ­es,"(23.07844, -104.54656)",DU0496,32.55 km,—
Isquelta,"(23.07844, -104.54656)",DU0496,51.44 km,—
Huacarichi,"(27.30113, -107.54361)",CH0739,30.28 km,—
Hervidero,"(23.07844, -104.54656)",DU0496,47.98 km,—
Guimbalete,"(27.02522, -103.36592)",CO0071,41.55 km,—
Guadalupe Viejo,"(27.02892, -107.73714)",CH2269,30.11 km,—
Gallinita,"(26.42989, -107.26740)",CH0372,34.73 km,—
El Zancudo Uno,"(23.07844, -104.54656)",DU0496,30.11 km,—
El YerbanÃ­s [De MaÃ­z Gordo],"(23.07844, -104.54656)",DU0496,39.83 km,—
El YerbanÃ­s,"(26.04211, -106.50761)",CH3301,30.23 km,—
El VolcÃ¡n (Los Muchachos),"(28.04136, -103.78378)",CO0072,50.16 km,—
El Verano,"(25.05276, -106.33673)",DU0174,42.52 km,—
El Venado,"(23.07844, -104.54656)",DU0496,35.73 km,—
El Trigo de los Javalera,"(26.42989, -107.26740)",CH0372,31.55 km,—
El TorreÃ³n,"(25.05276, -106.33673)",DU0174,34.66 km,—
El Terrero Amarillo,"(27.39202, -108.42094)",CH1455,31.31 km,—
El Terrero,"(26.42989, -107.26740)",CH0372,31.15 km,—
Sotolitos,"(23.07844, -104.54656)",DU0496,32.69 km,—
El Sotol,"(23.07844, -104.54656)",DU0496,45.07 km,—
El Sombrero,"(23.07844, -104.54656)",DU0496,30.88 km,—
El Saucito,"(26.42989, -107.26740)",CH0372,38.07 km,—
El Rosarito (El Rosadito),"(26.42989, -107.26740)",CH0372,32.64 km,—
El RincÃ³n Grande,"(27.02892, -107.73714)",CH2269,37.28 km,—
El RincÃ³n (Los Horcones),"(23.07844, -104.54656)",DU0496,34.49 km,—
El Reparo,"(18.66281, -101.64622)",MI7606,32.58 km,—
El Ranchito de la PurÃ­sima,"(25.05276, -106.33673)",DU0174,36.12 km,—
El Ranchito,"(26.42989, -107.26740)",CH0372,34.25 km,—
El Puerto de los Chiles,"(26.04211, -106.50761)",CH3301,35.26 km,—
El Pino,"(28.04136, -103.78378)",CO0072,83.89 km,—
El Oro [EstaciÃ³n],"(27.02522, -103.36592)",CO0071,30.29 km,—
El Ojo de Agua,"(26.42989, -107.26740)",CH0372,39.50 km,—
El Manzano,"(27.46821, -106.73537)",CH4324,36.87 km,—
El Llano,"(23.07844, -104.54656)",DU0496,32.96 km,—
El GarceÃ±o,"(24.63264, -102.77866)",DU1503,39.23 km,—
El FloreÃ±o,"(24.63264, -102.77866)",DU1503,38.45 km,—
El Durazno (Duraznitos),"(23.07844, -104.54656)",DU0496,41.14 km,—
El Durazno,"(27.46821, -106.73537)",CH4324,30.75 km,—
El Duraznito,"(27.02892, -107.73714)",CH2269,31.48 km,—
El CordÃ³n,"(23.07844, -104.54656)",DU0496,37.07 km,—
Chalates,"(23.07844, -104.54656)",DU0496,31.73 km,—
El Cerro del Pilar,"(27.02892, -107.73714)",CH2269,31.08 km,—
El Cerro del Oso,"(23.07844, -104.54656)",DU0496,46.60 km,—
El Carrizo [De Tierras Coloradas de MaÃ­z Gordo],"(23.07844, -104.54656)",DU0496,36.11 km,—
El Carrizo,"(23.07844, -104.54656)",DU0496,39.71 km,—
El Carrizalillo,"(23.07844, -104.54656)",DU0496,38.82 km,—
El Carrizal,"(23.07844, -104.54656)",DU0496,33.72 km,—
El Carrizal,"(23.07844, -104.54656)",DU0496,43.09 km,—
El Carmen,"(25.05276, -106.33673)",DU0174,33.35 km,—
El Caporal (La Guacamaya),"(26.04211, -106.50761)",CH3301,30.42 km,—
Ejido Guajolotes,"(26.04211, -106.50761)",CH3301,40.10 km,—
Cueva Mojada,"(23.07844, -104.54656)",DU0496,41.31 km,—
Cuatro CiÃ©negas,"(23.07844, -104.54656)",DU0496,33.67 km,—
Cruz Bendita,"(23.07844, -104.54656)",DU0496,37.78 km,—
Crucero el Chalate,"(23.07844, -104.54656)",DU0496,44.50 km,—
Corralitos,"(23.07844, -104.54656)",DU0496,39.89 km,—
Corpus,"(23.07844, -104.54656)",DU0496,37.59 km,—
CordÃ³n Colorado,"(27.02892, -107.73714)",CH2269,30.97 km,—
Coquenas de Abajo,"(26.04211, -106.50761)",CH3301,38.30 km,—
Coquenas,"(26.04211, -106.50761)",CH3301,38.61 km,—
Colonia el Sabinal Campo NÃºmero Siete,"(31.22141, -107.60430)",CH1904,39.39 km,—
Colonia el Sabinal Campo NÃºmero Cuatro,"(31.22141, -107.60430)",CH1904,41.73 km,—
Cocochas,"(18.66281, -101.64622)",MI7606,33.06 km,—
Cochirachi,"(27.30113, -107.54361)",CH0739,30.88 km,—
Coanas,"(25.05276, -106.33673)",DU0174,48.25 km,—
CiÃ©nega Larga,"(26.04211, -106.50761)",CH3301,32.95 km,—
CiÃ©nega de los Carrizos,"(23.07844, -104.54656)",DU0496,33.67 km,—
Choreachi,"(27.46821, -106.73537)",CH4324,31.07 km,—
Chinacates,"(23.07844, -104.54656)",DU0496,39.58 km,—
Chimaltita,"(23.07844, -104.54656)",DU0496,53.71 km,—
Chile PiquÃ­n,"(23.07844, -104.54656)",DU0496,42.22 km,—
Chamochi,"(27.46821, -106.73537)",CH4324,34.81 km,—
Chalchihuitillo,"(23.07844, -104.54656)",DU0496,42.88 km,—
Chalate 2,"(23.07844, -104.54656)",DU0496,46.47 km,—
Chalate,"(23.07844, -104.54656)",DU0496,32.25 km,—
Cerros Juntos,"(23.07844, -104.54656)",DU0496,35.89 km,—
Cerro Viejo,"(23.07844, -104.54656)",DU0496,30.73 km,—
Cerro PelÃ³n,"(23.07844, -104.54656)",DU0496,30.49 km,—
Cerro Gordo,"(23.07844, -104.54656)",DU0496,43.18 km,—
Cerro de las Mesas,"(23.07844, -104.54656)",DU0496,37.30 km,—
Cerro de la Silla,"(23.07844, -104.54656)",DU0496,53.88 km,—
Cerro Blanco,"(23.07844, -104.54656)",DU0496,30.50 km,—
Cerro Blanco,"(23.07844, -104.54656)",DU0496,37.35 km,—
Cerro Amarillo,"(23.07844, -104.54656)",DU0496,30.46 km,—
Ceja de los Cuervos,"(23.07844, -104.54656)",DU0496,37.01 km,—
Cebollas 3,"(23.07844, -104.54656)",DU0496,33.25 km,—
CanoÃ­tas (Canoas Dos),"(23.07844, -104.54656)",DU0496,39.86 km,—
Canoas 3,"(23.07844, -104.54656)",DU0496,40.01 km,—
Candelarita,"(23.07844, -104.54656)",DU0496,33.15 km,—
Candelarita,"(23.07844, -104.54656)",DU0496,34.17 km,—
Cachantita,"(23.07844, -104.54656)",DU0496,42.10 km,—
Buenos Aires (Mesa de la Bandera),"(23.07844, -104.54656)",DU0496,38.46 km,—
Buenavista,"(23.07844, -104.54656)",DU0496,52.68 km,—
Buena Vista,"(23.07844, -104.54656)",DU0496,41.97 km,—
Boreachi,"(27.46821, -106.73537)",CH4324,36.58 km,—
Boquimoba,"(27.30113, -107.54361)",CH0739,31.25 km,—
Boca Arroyo Santa Anita,"(27.02892, -107.73714)",CH2269,32.84 km,—
Basuchi,"(27.30113, -107.54361)",CH0739,33.52 km,—
Basuchi,"(27.46821, -106.73537)",CH4324,31.95 km,—
Basigochi,"(27.30113, -107.54361)",CH0739,30.51 km,—
Barajas,"(25.05276, -106.33673)",DU0174,37.13 km,—
Barahuarachi,"(27.30113, -107.54361)",CH0739,34.05 km,—
Baragomachi Viejo,"(27.39202, -108.42094)",CH1455,31.68 km,—
BajÃ­o Redondo,"(26.04211, -106.50761)",CH3301,37.71 km,—
BajÃ­o del Alambre,"(26.04211, -106.50761)",CH3301,39.69 km,—
BajÃ­o de los Arrieros,"(26.04211, -106.50761)",CH3301,39.57 km,—
BajÃ­o de la CiÃ©nega,"(23.07844, -104.54656)",DU0496,37.62 km,—
BajÃ­o de la China,"(23.07844, -104.54656)",DU0496,34.00 km,—
BajÃ­o de Carrizales,"(23.07844, -104.54656)",DU0496,30.50 km,—
Aserradero Pilares,"(26.04211, -106.50761)",CH3301,31.91 km,—
Arroyo Hondo,"(23.07844, -104.54656)",DU0496,31.69 km,—
Arroyo del Chiguitoso,"(26.04211, -106.50761)",CH3301,31.80 km,—
Apantita,"(25.41727, -104.28044)",DU1322,33.38 km,—
Algarrobal,"(27.39202, -108.42094)",CH1455,31.57 km,—
Ãlamo del Refugio,"(26.04211, -106.50761)",CH3301,31.35 km,—
Agua Verde,"(23.07844, -104.54656)",DU0496,38.26 km,—
Agua Prieta,"(23.07844, -104.54656)",DU0496,30.12 km,—
Agua FrÃ­a,"(23.07844, -104.54656)",DU0496,47.38 km,—
Agua Caliente,"(23.07844, -104.54656)",DU0496,46.76 km,—
Aboreachi,"(27.46821, -106.73537)",CH4324,36.40 km,—
Chicaltita,"(23.07844, -104.54656)",DU0496,52.99 km,—
CiÃ©nega Prieta,"(26.42989, -107.26740)",CH0372,39.24 km,—
San Pedro de Azafranes,"(25.05276, -106.33673)",DU0174,43.92 km,—
El Rosario (Puerto del Rosario),"(24.66332, -101.71454)",ZA1130,30.60 km,—
Huazamotita,"(23.07844, -104.54656)",DU0496,43.66 km,—
Macho Bayo,"(25.05276, -106.33673)",DU0174,36.74 km,—
San JosÃ© de la Laguna,"(25.05276, -106.33673)",DU0174,39.23 km,—
El Cardito,"(24.66332, -101.71454)",ZA1130,36.10 km,—
San BernabÃ©,"(23.07844, -104.54656)",DU0496,51.38 km,—
San FermÃ­n,"(26.20796, -105.07869)",DU7025,32.93 km,—
Banome,"(25.05276, -106.33673)",DU0174,42.94 km,—
San Pedro de XÃ­coras,"(23.07844, -104.54656)",DU0496,42.47 km,—
Santa Ana,"(27.02892, -107.73714)",CH2269,32.20 km,—
El Maguey,"(23.07844, -104.54656)",DU0496,47.78 km,—
Tierras Coloradas [De MaÃ­z Gordo],"(23.07844, -104.54656)",DU0496,39.08 km,—
San Rafael (JosÃ© MarÃ­a Morelos),"(24.66332, -101.71454)",ZA1130,44.81 km,—
Guadalupe GarzarÃ³n,"(24.63854, -100.89104)",CO1859,33.12 km,—
Ceja de Cebolleta,"(23.07844, -104.54656)",DU0496,51.42 km,—
Matamoros,"(24.66332, -101.71454)",ZA1130,38.36 km,—
Soyatita,"(25.87042, -107.54683)",SI5998,30.13 km,—
Sierra Mojada,"(27.02522, -103.36592)",CO0071,47.37 km,—
Gavilanes,"(23.07844, -104.54656)",DU0496,46.69 km,—
XmejÃ­a,"(19.45558, -89.73150)",CA8732,46.88 km,—
Muruata,"(23.07844, -104.54656)",DU0496,39.46 km,—
La Esmeralda,"(27.02522, -103.36592)",CO0071,44.16 km,—
